Model,Test_Accuracy,Macro_Avg_Precision,Macro_Avg_Recall,Macro_Avg_F1,Weighted_Avg_Precision,Weighted_Avg_Recall,Weighted_Avg_F1,Precision_Class_0,Recall_Class_0,F1_Class_0,Precision_Class_1,Recall_Class_1,F1_Class_1,Precision_Class_2,Recall_Class_2,F1_Class_2
Linear Regression,0.7749136611243636,0.554321562850067,0.541289480049343,0.5330946814750229,0.7285140394105241,0.7749136611243636,0.7326583892461944,0.0,0.0,0.0,0.7262538785717594,0.9744609457528118,0.8322453961683384,0.9367108099784416,0.6494074943952173,0.7670386482567303
Decision Tree,0.9317477836721615,0.9240221002020723,0.9492174778335486,0.9358497996273343,0.93345422347577,0.9317477836721615,0.9320502266114857,0.9261744966442953,0.9980966882375333,0.9607914987174789,0.9655664353803255,0.9252470018020257,0.9449768356920734,0.8803253685815964,0.9243087434610868,0.9017810644724508
AdaBoost,0.8745327019617617,0.5920016901798829,0.644577136099599,0.6169012213469778,0.7942920951217561,0.8745327019617617,0.8321385988719046,0.0,0.0,0.0,0.8435091555069691,0.9589262412228919,0.8975223915319297,0.9324959150326797,0.9748051670759048,0.9531812725090036
XGBoost,0.9818777370313668,0.9830107772295849,0.9891447812194728,0.9858145999506694,0.9826804815549953,0.9818777370313668,0.9819647113280772,1.0,1.0,1.0,0.9986560860104954,0.9696762567575965,0.9839528358397175,0.9503762456782591,0.997758086900822,0.9734909640122911
